danceability,energy,key,loudness,mode,speechiness,acousticness,instrumentalness,liveness,valence,tempo,time_signature
0.5529866071428571,0.4703738095238095,5.263392857142857,-8.681824404761905,0.7782738095238095,0.059902976190476194,0.48354066979166666,0.07719015122023809,0.1650985119047619,0.3283584821428572,119.34754910714285,3.918154761904762
0.5585383519206939,0.5271464064436183,5.27819083023544,-7.876925650557621,0.7496902106567535,0.08245068153655515,0.3949427075588599,0.039346556195786864,0.16191016109045847,0.37450136307311027,117.78822738537794,3.895910780669145
0.5485583657587548,0.5381587548638131,5.219844357976654,-8.032877431906615,0.7354085603112841,0.0849729571984436,0.37998499301556415,0.051285274698443586,0.1656764591439689,0.37402791828793774,119.01442898832684,3.9163424124513617
0.5384774233128834,0.5288873619631901,5.214723926380368,-7.755693251533743,0.7656441717791411,0.07291092024539879,0.41259731877300615,0.04323606985276074,0.16912993865030676,0.3665499386503068,118.56540981595091,3.9079754601226995
0.5435643776824034,0.48185343347639487,5.15450643776824,-8.428609442060086,0.8068669527896996,0.058370386266094414,0.46491441560085833,0.058833301952789706,0.15094034334763948,0.3337381974248927,120.32607510729613,3.8412017167381975
0.5363383685800605,0.4653764350453172,5.042296072507553,-8.490882175226586,0.8006042296072508,0.06329728096676737,0.4785697129909366,0.025569163716012085,0.1481728096676737,0.3381244712990936,118.50986404833837,3.9123867069486407
0.5486254901960785,0.5193323921568628,4.933333333333334,-8.127141176470587,0.7803921568627451,0.06713549019607844,0.3948301468627451,0.04608018578431373,0.1729294117647059,0.377775294117647,117.97447254901961,3.9352941176470586
